{
    "Daily_Time_Spent_on_Site": -8.705656876623006,
    "Age": 5.3386745082124225,
    "Area_Income": -6.889362429565597,
    "Daily_Internet_Usage": -9.050901712404785,
    "Male": -0.6147450961075457,
    "Hour": -0.13476418965628673,
    "DayOfWeek": 0.7214741800167862
}